id,fname,lname,job,home
1,'Christabel','Appleton',274,66
2,'Susannah','Erline',296,22
3,'Malia','Marks',294,26
4,'Lizbeth','Beeson',177,48
5,'Moyna','Bathsheeb',62,84
6,'Marcile','Andrien',1,2
7,'Augustine','Goren',476,7
8,'Fancie','Kalagher',235,87
9,'Winnifred','Ottilie',136,62
10,'Ava','Pamela',169,79
11,'Ardella','Devin',97,64
12,'Nicole','Jeniffer',136,94
13,'Agretha','Leoni',128,82
14,'Cynthie','Bebe',351,57
15,'Giselle','Tracy',288,61
16,'Susana','Gewirtz',44,10
17,'Deerdre','Hirschfeld',193,76
18,'Brynne','Jansson',156,78
19,'Josepha','Palecek',423,21
20,'Shaylyn','Jacinthe',16,17
21,'Faith','Greenebaum',436,4
22,'Neilla','Nolitta',372,98
23,'Katey','Shelli',108,76
24,'Edita','Jadda',218,68
25,'Amber','Mcneely',297,81
26,'Felecia','Towney',401,21
27,'Ronnie','Raama',189,61
28,'Edy','Brigg',188,26
29,'Teressa','Melantha',424,98
30,'Darryl','Rickey',370,65
31,'Tyne','Oneal',21,82
32,'Maud','Obeng',361,29
33,'Ira','Marcela',132,74
34,'Elizabet','Lindy',328,57
35,'Mable','Octavia',162,36
36,'Olympia','Stanton',145,13
37,'Selle','Okubo',473,95
38,'Vanna','Beitnes',430,62
39,'Jobey','Renate',256,100
40,'Silvie','Boonie',275,50
41,'Dael','Standing',335,56
42,'Jordanna','Springer',125,14
43,'Renata','Bond',114,5
44,'Katey','Amberly',374,6
45,'Letizia','Sweyn',496,41
46,'Arabel','Adelpho',196,36
47,'Fredia','Ammadas',403,49
48,'Gussi','Mell',334,8
49,'Danila','Napier',138,34
50,'Sada','Asante',64,17
51,'Aurie','Joletta',334,94
52,'Cass','Carmel',52,57
53,'Elise','Rosenblum',423,17
54,'Roseanna','Xenos',82,86
55,'Tony','Zacks',481,24
56,'Desirae','Syck',243,30
57,'Anastasia','Tiffi',291,100
58,'Lexi','Gavette',283,4
59,'Sybille','Vanna',255,30
60,'Clarine','Clint',182,49
61,'Melita','Brear',283,55
62,'Emmey','Sliwa',95,53
63,'Leda','Seiber',330,28
64,'Eugine','Diaz',316,22
65,'Alvera','Lubbi',71,34
66,'Jackquelin','Dekow',344,10
67,'Reena','Chlo',116,98
68,'Bethina','Janeta',139,22
69,'Michaella','Ferrick',184,52
70,'Katey','Beutler',213,78
71,'Kamillah','Lindsley',243,63
72,'Pen','Gardas',13,70
73,'Prissie','Blackburn',29,29
74,'Zahara','Halfdan',231,51
75,'Raine','Torrance',342,29
76,'Tammy','Proffitt',155,98
77,'Floria','Elah',221,91
78,'Pat','Julianne',366,4
79,'Alla','Carline',304,2
80,'Melissa','Karrah',270,27
81,'Lea','Babita',483,54
82,'Tomi','Abshier',272,83
83,'Jolyn','Schlosser',155,12
84,'Valina','Supple',44,92
85,'Dulcy','Doyle',6,53
86,'Hannis','Endo',385,74
87,'Sal','Cacilia',491,94
88,'Yelena','Duncan',213,19
89,'Donnamarie','Bowerman',362,85
90,'Dacia','Kresic',353,70
91,'Babb','Berkshire',327,77
92,'Kevina','Roos',486,87
93,'Grazia','Trenton',21,71
94,'Brigida','Lulita',56,79
95,'Dede','Flosi',249,50
96,'Millicent','Beata',217,82
97,'Dallas','Radmen',41,13
98,'Nanette','Kurth',242,6
99,'Violet','Sherwynd',158,36
100,'Gypsy','Ashok',403,17
101,'Jacquelin','Diaz',218,12
102,'Koo','Tiffi',425,22
103,'Beret','Doyle',174,55
104,'Kalie','Zacks',462,94
105,'Twila','Brigg',304,25
106,'Paolina','Renate',497,43
107,'Bekki','Cacilia',415,91
108,'Clem','Raama',375,1
109,'Dorolisa','Andrien',492,30
110,'Bernette','Bowerman',453,88
111,'Kiri','Andrien',303,42
112,'Glennie','Radmen',99,77
113,'Miran','Dekow',284,53
114,'Lanita','Blackburn',463,32
115,'Breanne','Bebe',128,16
116,'Dallas','Brear',281,34
117,'June','Proffitt',203,71
118,'Lenka','Hirschfeld',316,6
119,'Robinett','Jadda',348,40
120,'Farah','Babita',109,76
121,'Aurelea','Renate',289,83
122,'Terri','Abshier',327,13
123,'Paulie','Obeng',69,21
124,'Bianka','Jadda',164,8
125,'Sibyl','Kresic',323,8
126,'Amalea','Blackburn',185,61
127,'Genia','Vanna',24,70
128,'Vinnie','Xenos',37,26
129,'Devinne','Radmen',477,67
130,'Carmina','Julianne',443,80
131,'Lotta','Elah',182,28
132,'Holly-anne','Syck',75,3
133,'Doro','Bond',321,8
134,'Cora','Renate',399,9
135,'Brigitta','Ashok',35,79
136,'Opalina','Springer',387,34
137,'Sibelle','Beeson',353,59
138,'Camilla','Ammadas',371,86
139,'Emmalyn','Bowerman',410,53
140,'Lira','Carline',146,21
141,'Carrissa','Brigg',47,47
142,'Demetra','Beitnes',364,85
143,'Aurea','Raama',389,70
144,'Ertha','Radmen',265,13
145,'Candice','Julianne',489,79
146,'Karlee','Trenton',411,54
147,'Laverna','Napier',201,50
148,'Amalea','Ottilie',131,82
149,'Dasha','Pamela',329,72
150,'Lesley','Pamela',18,55
151,'Rory','Pamela',436,34
152,'Pandora','Schlosser',143,89
153,'Constance','Gewirtz',93,91
154,'Etta','Elah',190,99
155,'Ashil','Roos',398,91
156,'Jo-ann','Rickey',98,5
157,'Tallou','Sherwynd',166,19
158,'Truda','Gardas',281,31
159,'Gloriane','Ammadas',432,84
160,'Shani','Bebe',462,41
161,'Josephina','Gewirtz',285,49
162,'Viv','Flosi',495,43
163,'Daune','Elah',435,95
164,'Katerine','Karrah',126,27
165,'Lindsey','Jacinthe',292,16
166,'Lynnette','Lubbi',456,18
167,'Sadella','Andrien',432,13
168,'Lindsay','Oneal',371,62
169,'Lesya','Marcela',499,76
170,'Arluene','Mcneely',86,13
171,'Karlyn','Roos',371,32
172,'Glyn','Radmen',112,13
173,'Dore','Mcneely',286,31
174,'Georgie','Babita',2,75
175,'Ester','Sweyn',186,17
176,'Arda','Janeta',206,92
177,'Samara','Carline',24,2
178,'Jaine','Shelli',397,32
179,'Rhianon','Beitnes',318,27
180,'Alethea','Kalagher',245,26
181,'Devin','Lindsley',134,95
182,'Sandie','Lulita',291,73
183,'Hyacinthe','Gewirtz',24,2
184,'Jilleen','Ottilie',94,69
185,'Tawsha','Blackburn',446,95
186,'Joscelin','Lulita',133,17
187,'Lane','Okubo',157,10
188,'Thea','Palecek',236,21
189,'Dulcie','Springer',332,45
190,'Sissie','Seiber',366,84
191,'Darrelle','Andrien',35,71
192,'Beryl','Towney',119,36
193,'Pietra','Nolitta',234,11
194,'Mersey','Shelli',209,33
195,'Harley','Okubo',282,97
196,'Carmelle','Raama',264,38
197,'Kizzee','Lubbi',104,1
198,'Rowena','Andrien',189,56
199,'Queenie','Asante',98,91
200,'Shaine','Bond',351,76
201,'Emmaline','Schlosser',238,55
202,'Giulietta','Clint',143,6
203,'Tasha','Brear',349,53
204,'Jessamine','Andrien',193,73
205,'Janeen','Sherwynd',185,92
206,'Malorie','Jacinthe',184,12
207,'Latrena','Doyle',312,23
208,'Mirna','Abshier',340,12
209,'Lynsey','Ashok',5,68
210,'Leisha','Carmel',420,80
211,'Addy','Ashok',434,97
212,'Rosalyn','Oneal',68,2
213,'Donni','Adelpho',465,98
214,'Rosemary','Zacks',288,72
215,'Tildi','Rickey',230,58
216,'Rubi','Radmen',31,87
217,'Elene','Ottilie',485,62
218,'Tobye','Melantha',87,60
219,'Gertruda','Karrah',218,86
220,'Mariam','Goren',265,79
221,'Roseann','Roos',468,68
222,'Claudetta','Goren',17,98
223,'Suzy','Towney',36,35
224,'Mary','Ottilie',168,13
225,'Lucina','Pamela',121,15
226,'Masha','Andrien',282,63
227,'Michal','Pamela',338,74
228,'Tessi','Kurth',422,57
229,'Toinette','Oneal',160,7
230,'Blithe','Marks',246,25
231,'Merola','Lindy',81,88
232,'Frederique','Abshier',139,82
233,'Sindee','Carline',239,27
234,'Casandra','Raama',121,20
235,'Maryann','Flosi',354,82
236,'Wynne','Ottilie',483,81
237,'Evey','Jadda',65,83
238,'Eadith','Oneal',61,48
239,'Janifer','Greenebaum',62,79
240,'Cinderella','Roos',210,41
241,'Anabel','Carmel',67,35
242,'Allis','Seiber',326,1
243,'Brietta','Marks',141,21
244,'Rosene','Dekow',60,54
245,'Lynette','Clint',447,50
246,'Chlo','Renate',83,84
247,'Buffy','Jacinthe',64,36
248,'Sarene','Lindsley',371,70
249,'Noni','Babita',499,16
250,'Arly','Gardas',352,95
251,'Katleen','Julianne',395,26
252,'Carlota','Adelpho',391,20
253,'Fara','Babita',406,26
254,'Valli','Flosi',415,56
255,'Demetria','Devin',55,12
256,'Amalea','Renate',413,53
257,'Carlye','Syck',355,15
258,'Coreen','Endo',287,70
259,'Biddie','Standing',272,87
260,'Edithe','Raama',326,10
261,'Ree','Bathsheeb',92,4
262,'Marlene','Proffitt',181,54
263,'Frederica','Bowerman',454,89
264,'Cherise','Greenebaum',347,22
265,'Tracie','Oneal',401,98
266,'Venita','Melantha',435,34
267,'Marga','Bowerman',385,65
268,'Carol','Julianne',450,10
269,'Gennifer','Flosi',201,47
270,'Yetta','Elah',119,66
271,'Eada','Bebe',178,25
272,'Bobbie','Renate',272,69
273,'Modestia','Elah',404,47
274,'Coriss','Rosenblum',61,94
275,'Dorothy','Rosenblum',122,91
276,'Minne','Halfdan',167,59
277,'Cathryn','Bebe',301,9
278,'Vivie','Erline',211,59
279,'Coriss','Beutler',419,19
280,'Ardra','Ammadas',224,89
281,'Hildy','Bowerman',356,61
282,'Kevyn','Shelli',256,70
283,'Bennie','Devin',136,79
284,'Diane','Devin',435,75
285,'Margret','Brear',314,65
286,'Gilly','Gavette',487,11
287,'Issy','Sherwynd',299,32
288,'Sapphira','Shelli',307,21
289,'Othilie','Lubbi',52,23
290,'Sisile','Jeniffer',78,59
291,'Regan','Tiffi',448,96
292,'Dorette','Radmen',71,4
293,'Caitrin','Kalagher',56,63
294,'Eleni','Leoni',147,26
295,'Gigi','Carmel',260,5
296,'Debi','Diaz',471,89
297,'Kimberlyn','Duncan',84,40
298,'Ainsley','Berkshire',181,60
299,'Carin','Torrance',189,5
300,'Christabel','Towney',294,9
